	PayCoin	PriceCST	TokenCST	PriceAA	TokenAA	Total Value
2020-06-24 09:00:00	5.0000E+22	1.9620E+19	0.0000E+00		0.0000E+00	5.0000E+22
2020-06-24 09:15:00	5.0000E+22	1.9610E+19	0.0000E+00		0.0000E+00	5.0000E+22
2020-06-24 09:30:00	5.0000E+22	1.9570E+19	0.0000E+00		0.0000E+00	5.0000E+22
2020-06-24 09:45:00	5.0000E+22	1.9380E+19	0.0000E+00		0.0000E+00	5.0000E+22
2020-06-24 10:00:00	5.0000E+22	1.9420E+19	0.0000E+00		0.0000E+00	5.0000E+22
2020-06-24 10:15:00	5.0000E+22	1.9420E+19	0.0000E+00		0.0000E+00	5.0000E+22
2020-06-24 10:30:00	5.0000E+22	1.9500E+19	0.0000E+00		0.0000E+00	5.0000E+22
2020-06-24 10:45:00	5.0000E+22	1.9360E+19	0.0000E+00		0.0000E+00	5.0000E+22
2020-06-24 11:00:00	5.0000E+22	1.9190E+19	0.0000E+00		0.0000E+00	5.0000E+22
2020-06-24 11:15:00	5.0000E+22	1.9450E+19	0.0000E+00		0.0000E+00	5.0000E+22
2020-06-24 11:30:00	5.0000E+22	1.9450E+19	0.0000E+00		0.0000E+00	5.0000E+22
2020-06-24 11:45:00	5.0000E+22	2.0150E+19	0.0000E+00		0.0000E+00	5.0000E+22
2020-06-24 12:00:00	5.0000E+22	2.0220E+19	0.0000E+00		0.0000E+00	5.0000E+22
2020-06-24 12:15:00	5.0000E+22	2.0410E+19	0.0000E+00		0.0000E+00	5.0000E+22
2020-06-24 12:30:00	5.0000E+22	2.0420E+19	0.0000E+00		0.0000E+00	5.0000E+22
2020-06-24 12:45:00	5.0000E+22	2.0860E+19	0.0000E+00		0.0000E+00	5.0000E+22
2020-06-24 13:00:00	5.0000E+22	2.1190E+19	0.0000E+00		0.0000E+00	5.0000E+22
2020-06-24 13:15:00	5.0000E+22	2.1190E+19	0.0000E+00		0.0000E+00	5.0000E+22
2020-06-24 13:30:00	5.0000E+22	2.1090E+19	0.0000E+00		0.0000E+00	5.0000E+22
2020-06-24 13:45:00	5.0000E+22	2.1150E+19	0.0000E+00		0.0000E+00	5.0000E+22
2020-06-24 14:00:00	5.0000E+22	2.1120E+19	0.0000E+00		0.0000E+00	5.0000E+22
2020-06-24 14:15:00	5.0000E+22	2.1490E+19	0.0000E+00		0.0000E+00	5.0000E+22
2020-06-24 14:30:00	5.0000E+22	2.1100E+19	0.0000E+00		0.0000E+00	5.0000E+22
2020-06-24 14:45:00	5.0000E+22	2.1400E+19	0.0000E+00		0.0000E+00	
2020-06-24 15:15:00	5.0000E+22	2.1980E+19	0.0000E+00		0.0000E+00	
2020-06-24 15:20:00	5.0000E+22	2.1830E+19	0.0000E+00		0.0000E+00	
2020-06-24 15:25:00	5.0000E+22	2.1720E+19	0.0000E+00		0.0000E+00	
2020-06-24 15:30:00	5.0000E+22	2.1760E+19	0.0000E+00		0.0000E+00	
2020-06-24 15:35:00	5.0000E+22	2.1840E+19	0.0000E+00		0.0000E+00	
2020-06-24 15:40:00	5.0000E+22	2.1700E+19	0.0000E+00		0.0000E+00	
2020-06-24 15:45:00	5.0000E+22	2.1820E+19	0.0000E+00		0.0000E+00	
2020-06-24 15:50:00	5.0000E+22	2.1890E+19	0.0000E+00		0.0000E+00	
2020-06-24 15:55:00	5.0000E+22	2.1760E+19	0.0000E+00		0.0000E+00	
2020-06-24 16:00:00	5.0000E+22	2.1680E+19	0.0000E+00		0.0000E+00	
2020-06-24 16:05:00	5.0000E+22	2.1960E+19	0.0000E+00		0.0000E+00	
2020-06-24 16:10:00	5.0000E+22	2.1840E+19	0.0000E+00		0.0000E+00	
2020-06-24 16:15:00	5.0000E+22	2.1890E+19	0.0000E+00		0.0000E+00	
2020-06-24 16:20:00	5.0000E+22	2.1950E+19	0.0000E+00		0.0000E+00	
2020-06-24 16:25:00	5.0000E+22	2.2100E+19	0.0000E+00		0.0000E+00	
2020-06-24 16:30:00	5.0000E+22	2.2000E+19	0.0000E+00		0.0000E+00	
2020-06-24 16:35:00	5.0000E+22	2.2040E+19	0.0000E+00		0.0000E+00	
2020-06-24 16:40:00	5.0000E+22	2.2150E+19	0.0000E+00		0.0000E+00	
2020-06-24 16:45:00	5.0000E+22	2.2080E+19	0.0000E+00		0.0000E+00	
2020-06-24 16:50:00	5.0000E+22	2.2080E+19	0.0000E+00		0.0000E+00	
2020-06-24 16:55:00	5.0000E+22	2.1740E+19	0.0000E+00		0.0000E+00	
2020-06-24 17:00:00	5.0000E+22	2.1780E+19	0.0000E+00		0.0000E+00	
2020-06-24 17:05:00	5.0000E+22	2.1840E+19	0.0000E+00		0.0000E+00	
2020-06-24 17:10:00	5.0000E+22	2.1850E+19	0.0000E+00		0.0000E+00	
2020-06-24 17:15:00	5.0000E+22	2.1880E+19	0.0000E+00		0.0000E+00	
2020-06-24 17:20:00	5.0000E+22	2.2050E+19	0.0000E+00		0.0000E+00	
2020-06-24 17:25:00	5.0000E+22	2.1980E+19	0.0000E+00		0.0000E+00	
2020-06-24 17:30:00	5.0000E+22	2.2090E+19	0.0000E+00		0.0000E+00	
2020-06-24 17:35:00	5.0000E+22	2.2100E+19	0.0000E+00		0.0000E+00	
2020-06-24 17:40:00	5.0000E+22	2.2090E+19	0.0000E+00		0.0000E+00	
2020-06-24 17:45:00	5.0000E+22	2.2060E+19	0.0000E+00		0.0000E+00	
2020-06-24 17:50:00	5.0000E+22	2.2040E+19	0.0000E+00		0.0000E+00	
2020-06-24 17:55:00	5.0000E+22	2.2200E+19	0.0000E+00		0.0000E+00	
2020-06-25 09:00:00	5.0000E+22	2.2040E+19	0.0000E+00		0.0000E+00	
2020-06-25 09:06:25	5.0000E+22	2.2200E+19	0.0000E+00		0.0000E+00	
2020-06-25 09:12:50	5.0000E+22	2.2270E+19	0.0000E+00		0.0000E+00	
2020-06-25 09:19:15	5.0000E+22	2.2170E+19	0.0000E+00		0.0000E+00	
2020-06-25 09:25:40	5.0000E+22	2.2240E+19	0.0000E+00		0.0000E+00	
2020-06-25 09:32:05	5.0000E+22	2.2070E+19	0.0000E+00		0.0000E+00	
2020-06-25 09:38:30	5.0000E+22	2.2060E+19	0.0000E+00		0.0000E+00	
2020-06-25 09:44:55	5.0000E+22	2.2080E+19	0.0000E+00		0.0000E+00	
2020-06-25 09:51:20	5.0000E+22	2.2080E+19	0.0000E+00		0.0000E+00	
2020-06-25 09:57:45	5.0000E+22	2.1800E+19	0.0000E+00		0.0000E+00	
2020-06-25 10:04:10	5.0000E+22	2.1960E+19	0.0000E+00		0.0000E+00	
2020-06-25 10:10:35	5.0000E+22	2.1890E+19	0.0000E+00		0.0000E+00	
2020-06-25 10:17:00	5.0000E+22	2.1940E+19	0.0000E+00		0.0000E+00	
2020-06-25 10:23:25	5.0000E+22	2.2140E+19	0.0000E+00		0.0000E+00	
2020-06-25 10:29:50	5.0000E+22	2.2050E+19	0.0000E+00		0.0000E+00	
2020-06-25 10:36:15	5.0000E+22	2.2050E+19	0.0000E+00		0.0000E+00	
2020-06-25 10:42:40	5.0000E+22	2.2210E+19	0.0000E+00		0.0000E+00	
2020-06-25 10:49:05	5.0000E+22	2.2030E+19	0.0000E+00		0.0000E+00	
2020-06-25 10:55:30	5.0000E+22	2.2150E+19	0.0000E+00		0.0000E+00	
2020-06-25 11:01:55	5.0000E+22	2.2080E+19	0.0000E+00		0.0000E+00	
2020-06-25 11:08:20	5.0000E+22	2.2100E+19	0.0000E+00		0.0000E+00	
2020-06-25 11:14:45	2.4926E+22	2.2090E+19	1.1351E+21		0.0000E+00	
2020-06-25 11:21:10	2.4926E+22	2.1880E+19	1.1351E+21		0.0000E+00	
2020-06-25 11:27:35	2.4926E+22	2.1950E+19	1.1351E+21		0.0000E+00	
2020-06-25 11:34:00	2.4926E+22	2.1980E+19	1.1351E+21		0.0000E+00	
2020-06-25 11:40:25	2.4926E+22	2.2040E+19	1.1351E+21		0.0000E+00	
2020-06-25 11:46:50	2.4926E+22	2.2820E+19	1.1351E+21		0.0000E+00	
2020-06-25 11:53:15	2.4926E+22	2.3150E+19	1.1351E+21		0.0000E+00	
2020-06-25 11:59:40	2.4926E+22	2.3220E+19	1.1351E+21		0.0000E+00	
2020-06-25 12:06:05	2.4926E+22	2.3220E+19	1.1351E+21		0.0000E+00	
2020-06-25 12:12:30	2.4926E+22	2.3150E+19	1.1351E+21		0.0000E+00	
2020-06-25 12:18:55	2.4926E+22	2.3170E+19	1.1351E+21		0.0000E+00	
2020-06-25 12:25:20	2.4926E+22	2.3150E+19	1.1351E+21		0.0000E+00	
2020-06-25 12:31:45	2.4926E+22	2.3260E+19	1.1351E+21		0.0000E+00	
2020-06-25 12:38:10	2.4926E+22	2.3080E+19	1.1351E+21		0.0000E+00	
2020-06-25 12:44:35	2.4926E+22	2.3150E+19	1.1351E+21		0.0000E+00	
2020-06-25 12:51:00	2.4926E+22	2.3050E+19	1.1351E+21		0.0000E+00	
2020-06-25 12:57:25	2.4926E+22	2.3230E+19	1.1351E+21		0.0000E+00	
2020-06-25 13:03:50	2.4926E+22	2.2930E+19	1.1351E+21		0.0000E+00	
2020-06-25 13:10:15	2.4926E+22	2.3140E+19	1.1351E+21		0.0000E+00	
2020-06-25 13:16:40	2.4926E+22	2.3000E+19	1.1351E+21		0.0000E+00	
2020-06-25 13:23:05	2.4926E+22	2.3020E+19	1.1351E+21		0.0000E+00	
2020-06-25 13:29:30	2.4926E+22	2.3050E+19	1.1351E+21		0.0000E+00	
2020-06-25 13:35:55	2.4926E+22	2.2950E+19	1.1351E+21		0.0000E+00	
2020-06-25 13:42:20	2.4926E+22	2.3070E+19	1.1351E+21		0.0000E+00	
2020-06-25 13:48:45	2.4926E+22	2.3100E+19	1.1351E+21		0.0000E+00	
2020-06-25 13:55:10	2.4926E+22	2.3160E+19	1.1351E+21		0.0000E+00	
2020-06-25 14:01:35	2.4926E+22	2.3740E+19	1.1351E+21		0.0000E+00	
2020-06-25 14:08:00	2.4926E+22	2.3810E+19	1.1351E+21		0.0000E+00	
2020-06-25 14:14:25	2.4926E+22	2.3650E+19	1.1351E+21		0.0000E+00	
2020-06-25 14:20:50	2.4926E+22	2.3800E+19	1.1351E+21		0.0000E+00	
2020-06-25 14:27:15	2.4926E+22	2.3750E+19	1.1351E+21		0.0000E+00	
2020-06-25 14:33:40	2.4926E+22	2.3750E+19	1.1351E+21		0.0000E+00	
2020-06-25 14:40:05	2.4926E+22	2.3430E+19	1.1351E+21		0.0000E+00	
2020-06-25 14:46:30	2.4926E+22	2.3700E+19	1.1351E+21		0.0000E+00	
2020-06-25 14:52:55	2.4926E+22	2.3640E+19	1.1351E+21		0.0000E+00	
2020-06-25 14:59:20	2.4926E+22	2.3580E+19	1.1351E+21		0.0000E+00	
2020-06-25 15:05:45	2.4926E+22	2.3570E+19	1.1351E+21		0.0000E+00	
2020-06-25 15:12:10	2.4926E+22	2.3520E+19	1.1351E+21		0.0000E+00	
2020-06-25 15:18:35	2.4926E+22	2.3740E+19	1.1351E+21		0.0000E+00	
2020-06-25 15:25:00	2.4926E+22	2.3600E+19	1.1351E+21		0.0000E+00	
2020-06-25 15:31:25	2.4926E+22	2.3340E+19	1.1351E+21		0.0000E+00	
2020-06-25 15:37:50	2.4926E+22	2.3310E+19	1.1351E+21		0.0000E+00	
2020-06-25 15:44:15	2.4926E+22	2.3180E+19	1.1351E+21		0.0000E+00	
2020-06-25 15:50:40	2.4926E+22	2.2960E+19	1.1351E+21		0.0000E+00	
2020-06-25 15:57:05	2.4926E+22	2.3520E+19	1.1351E+21		0.0000E+00	
2020-06-25 16:03:30	2.4926E+22	2.3780E+19	1.1351E+21		0.0000E+00	
2020-06-25 16:09:55	2.4926E+22	2.3630E+19	1.1351E+21		0.0000E+00	
2020-06-25 16:16:20	2.4926E+22	2.3740E+19	1.1351E+21		0.0000E+00	
2020-06-25 16:22:45	2.4926E+22	2.3940E+19	1.1351E+21		0.0000E+00	
2020-06-25 16:29:10	2.4926E+22	2.3670E+19	1.1351E+21		0.0000E+00	
2020-06-25 16:35:35	2.4926E+22	2.3700E+19	1.1351E+21		0.0000E+00	
2020-06-25 16:42:00	2.4926E+22	2.3780E+19	1.1351E+21		0.0000E+00	
2020-06-25 16:48:25	2.4926E+22	2.4730E+19	1.1351E+21		0.0000E+00	
2020-06-25 16:54:50	2.4926E+22	2.4270E+19	1.1351E+21		0.0000E+00	
2020-06-25 17:01:15	2.4926E+22	2.3810E+19	1.1351E+21		0.0000E+00	
2020-06-25 17:07:40	2.4926E+22	2.3810E+19	1.1351E+21		0.0000E+00	
2020-06-25 17:14:05	2.4926E+22	2.4080E+19	1.1351E+21		0.0000E+00	
2020-06-25 17:20:30	2.4926E+22	2.4080E+19	1.1351E+21		0.0000E+00	
2020-06-25 17:26:55	2.4926E+22	2.3990E+19	1.1351E+21		0.0000E+00	
2020-06-25 17:33:20	2.4926E+22	2.3870E+19	1.1351E+21		0.0000E+00	
2020-06-25 17:39:45	2.4926E+22	2.4040E+19	1.1351E+21		0.0000E+00	
2020-06-25 17:46:10	2.4926E+22	2.3870E+19	1.1351E+21		0.0000E+00	
2020-06-25 17:52:35	2.4926E+22	2.3970E+19	1.1351E+21		0.0000E+00	
2020-06-25 17:59:00	2.4926E+22	2.3910E+19	1.1351E+21		0.0000E+00	
2020-06-26 09:07:31	2.4926E+22	2.3610E+19	1.1351E+21		0.0000E+00	
2020-06-26 09:16:20	2.4926E+22	2.3920E+19	1.1351E+21		0.0000E+00	
2020-06-26 09:23:43	2.4926E+22	2.3560E+19	1.1351E+21		0.0000E+00	
2020-06-26 09:29:36	2.4926E+22	2.3500E+19	1.1351E+21		0.0000E+00	
2020-06-26 09:42:23	2.4926E+22	2.2970E+19	1.1351E+21		0.0000E+00	
2020-06-26 09:49:06	2.4926E+22	2.3390E+19	1.1351E+21		0.0000E+00	
2020-06-26 09:57:21	2.4926E+22	2.3170E+19	1.1351E+21		0.0000E+00	
2020-06-26 10:02:22	2.4926E+22	2.3190E+19	1.1351E+21		0.0000E+00	
2020-06-26 10:07:28	2.4926E+22	2.3220E+19	1.1351E+21		0.0000E+00	
2020-06-26 10:16:32	2.4926E+22	2.3620E+19	1.1351E+21		0.0000E+00	
2020-06-26 10:24:03	2.4926E+22	2.3610E+19	1.1351E+21		0.0000E+00	
2020-06-26 10:33:29	2.4926E+22	2.3590E+19	1.1351E+21		0.0000E+00	
2020-06-26 10:42:11	2.4926E+22	2.3750E+19	1.1351E+21		0.0000E+00	
2020-06-26 10:51:38	2.4926E+22	2.3440E+19	1.1351E+21		0.0000E+00	
2020-06-26 10:59:57	2.4926E+22	2.3520E+19	1.1351E+21		0.0000E+00	
2020-06-26 11:06:56	2.4926E+22	2.3510E+19	1.1351E+21		0.0000E+00	
2020-06-26 11:16:53	2.4926E+22	2.3450E+19	1.1351E+21		0.0000E+00	
2020-06-26 11:35:24	2.4926E+22	2.3280E+19	1.1351E+21		0.0000E+00	
2020-06-26 11:41:55	2.4926E+22	2.3180E+19	1.1351E+21		0.0000E+00	
2020-06-26 11:47:03	2.4926E+22	2.3340E+19	1.1351E+21		0.0000E+00	
2020-06-26 11:55:02	2.4926E+22	2.3270E+19	1.1351E+21		0.0000E+00	
2020-06-26 12:01:29	2.4926E+22	2.3240E+19	1.1351E+21		0.0000E+00	
2020-06-26 12:10:05	2.4926E+22	2.3180E+19	1.1351E+21		0.0000E+00	
2020-06-26 12:17:35	2.4926E+22	2.3250E+19	1.1351E+21		0.0000E+00	
2020-06-26 12:22:45	2.4926E+22	2.2980E+19	1.1351E+21		0.0000E+00	
2020-06-26 12:36:35	2.4926E+22	2.2920E+19	1.1351E+21		0.0000E+00	
2020-06-26 12:43:38	2.4926E+22	2.3200E+19	1.1351E+21		0.0000E+00	
2020-06-26 12:52:58	2.4926E+22	2.3160E+19	1.1351E+21		0.0000E+00	
2020-06-26 13:01:04	2.4926E+22	2.3150E+19	1.1351E+21		0.0000E+00	
2020-06-26 13:10:16	2.4926E+22	2.3440E+19	1.1351E+21		0.0000E+00	
2020-06-26 13:19:28	2.4926E+22	2.3400E+19	1.1351E+21		0.0000E+00	
2020-06-26 13:27:02	5.1442E+22	2.3360E+19	0.0000E+00		0.0000E+00	
2020-06-26 13:34:49	5.1442E+22	2.3330E+19	0.0000E+00		0.0000E+00	
2020-06-26 13:44:20	5.1442E+22	2.3290E+19	0.0000E+00		0.0000E+00	
2020-06-26 13:58:18	5.1442E+22	2.3070E+19	0.0000E+00		0.0000E+00	
2020-06-26 14:07:16	5.1442E+22	2.3160E+19	0.0000E+00		0.0000E+00	
2020-06-26 14:16:19	5.1442E+22	2.3090E+19	0.0000E+00		0.0000E+00	
2020-06-26 14:26:11	5.1442E+22	2.3190E+19	0.0000E+00		0.0000E+00	
2020-06-26 14:32:16	5.1442E+22	2.3240E+19	0.0000E+00		0.0000E+00	
2020-06-26 14:42:11	5.1442E+22	2.3910E+19	0.0000E+00		0.0000E+00	
2020-06-26 14:51:38	5.1442E+22	2.4660E+19	0.0000E+00		0.0000E+00	
2020-06-26 14:58:57	5.1442E+22	2.4440E+19	0.0000E+00		0.0000E+00	
2020-06-26 15:04:06	5.1442E+22	2.5070E+19	0.0000E+00		0.0000E+00	
2020-06-26 15:12:47	5.1442E+22	2.5560E+19	0.0000E+00		0.0000E+00	
2020-06-26 15:20:49	5.1442E+22	2.5160E+19	0.0000E+00		0.0000E+00	
2020-06-26 15:21:33	5.1442E+22	2.5300E+19	0.0000E+00		0.0000E+00	
2020-06-26 15:31:25	5.1442E+22	2.5140E+19	0.0000E+00		0.0000E+00	
2020-06-26 15:40:51	5.1442E+22	2.5360E+19	0.0000E+00		0.0000E+00	
2020-06-26 15:47:45	5.1442E+22	2.5170E+19	0.0000E+00		0.0000E+00	
2020-06-26 15:54:25	5.1442E+22	2.5340E+19	0.0000E+00		0.0000E+00	
2020-06-26 16:00:18	5.1442E+22	2.5610E+19	0.0000E+00		0.0000E+00	
2020-06-26 16:06:57	5.1442E+22	2.6420E+19	0.0000E+00		0.0000E+00	
2020-06-26 16:16:12	5.1442E+22	2.6540E+19	0.0000E+00		0.0000E+00	
2020-06-26 16:21:35	5.1442E+22	2.6460E+19	0.0000E+00		0.0000E+00	
2020-06-26 16:28:33	5.1442E+22	2.6380E+19	0.0000E+00		0.0000E+00	
2020-06-26 16:36:18	5.1442E+22	2.6290E+19	0.0000E+00		0.0000E+00	
2020-06-26 16:45:10	5.1442E+22	2.6330E+19	0.0000E+00		0.0000E+00	
2020-06-26 16:54:01	5.1442E+22	2.6380E+19	0.0000E+00		0.0000E+00	
2020-06-26 17:01:35	5.1442E+22	2.6150E+19	0.0000E+00		0.0000E+00	
2020-06-26 17:09:16	5.1442E+22	2.6560E+19	0.0000E+00		0.0000E+00	
2020-06-26 17:14:39	5.1442E+22	2.5740E+19	0.0000E+00		0.0000E+00	
2020-06-26 17:22:46	5.1442E+22	2.5540E+19	0.0000E+00		0.0000E+00	
2020-06-26 17:32:10	5.1442E+22	2.5640E+19	0.0000E+00		0.0000E+00	
2020-06-26 17:37:53	5.1442E+22	2.6150E+19	0.0000E+00		0.0000E+00	
2020-06-26 17:58:48	5.1442E+22	2.5910E+19	0.0000E+00		0.0000E+00	
2020-06-27 09:20:00	5.1442E+22	2.6330E+19	0.0000E+00		0.0000E+00	
2020-06-27 09:25:00	5.1442E+22	2.6380E+19	0.0000E+00		0.0000E+00	
2020-06-27 09:30:00	5.1442E+22	2.6230E+19	0.0000E+00		0.0000E+00	
2020-06-27 09:35:00	5.1442E+22	2.6150E+19	0.0000E+00		0.0000E+00	
2020-06-27 09:40:00	5.1442E+22	2.6560E+19	0.0000E+00		0.0000E+00	
2020-06-27 09:45:00	5.1442E+22	2.5740E+19	0.0000E+00		0.0000E+00	
2020-06-27 09:50:00	5.1442E+22	2.5540E+19	0.0000E+00		0.0000E+00	
2020-06-27 09:55:00	5.1442E+22	2.5640E+19	0.0000E+00		0.0000E+00	
2020-06-27 10:00:00	5.1442E+22	2.6150E+19	0.0000E+00		0.0000E+00	
2020-06-27 10:05:00	5.1442E+22	2.5910E+19	0.0000E+00		0.0000E+00	
2020-06-27 10:10:00	5.1442E+22	2.6090E+19	0.0000E+00		0.0000E+00	
2020-06-27 10:15:00	5.1442E+22	2.6170E+19	0.0000E+00		0.0000E+00	
2020-06-27 10:20:00	5.1442E+22	2.6140E+19	0.0000E+00		0.0000E+00	
2020-06-27 10:25:00	5.1442E+22	2.6190E+19	0.0000E+00		0.0000E+00	
2020-06-27 10:30:00	5.1442E+22	2.6130E+19	0.0000E+00		0.0000E+00	
2020-06-27 10:35:00	5.1442E+22	2.5930E+19	0.0000E+00		0.0000E+00	
2020-06-27 10:40:00	5.1442E+22	2.5890E+19	0.0000E+00		0.0000E+00	
2020-06-27 10:45:00	5.1442E+22	2.5810E+19	0.0000E+00		0.0000E+00	
2020-06-27 10:50:00	5.1442E+22	2.5520E+19	0.0000E+00		0.0000E+00	
2020-06-27 10:55:00	5.1442E+22	2.5610E+19	0.0000E+00		0.0000E+00	
2020-06-27 11:00:00	5.1442E+22	2.5580E+19	0.0000E+00		0.0000E+00	
2020-06-27 11:05:00	5.1442E+22	2.5670E+19	0.0000E+00		0.0000E+00	
2020-06-27 11:10:00	5.1442E+22	2.5680E+19	0.0000E+00		0.0000E+00	
2020-06-27 11:15:00	5.1442E+22	2.5800E+19	0.0000E+00		0.0000E+00	
2020-06-27 11:20:00	5.1442E+22	2.5850E+19	0.0000E+00		0.0000E+00	
2020-06-27 11:25:00	5.1442E+22	2.6150E+19	0.0000E+00		0.0000E+00	
2020-06-27 11:30:00	5.1442E+22	2.6060E+19	0.0000E+00		0.0000E+00	
2020-06-27 11:35:00	5.1442E+22	2.6090E+19	0.0000E+00		0.0000E+00	
2020-06-27 11:40:00	5.1442E+22	2.5860E+19	0.0000E+00		0.0000E+00	
2020-06-27 11:45:00	5.1442E+22	2.5750E+19	0.0000E+00		0.0000E+00	
2020-06-27 11:50:00	5.1442E+22	2.5660E+19	0.0000E+00		0.0000E+00	
2020-06-27 11:55:00	5.1442E+22	2.5860E+19	0.0000E+00		0.0000E+00	
2020-06-27 12:00:00	2.2755E+22	2.6080E+19	1.1000E+21		0.0000E+00	
2020-06-27 12:05:00	2.2755E+22	2.5880E+19	1.1000E+21		0.0000E+00	
2020-06-27 12:10:00	2.2755E+22	2.5960E+19	1.1000E+21		0.0000E+00	
2020-06-27 12:15:00	2.2755E+22	2.5730E+19	1.1000E+21		0.0000E+00	
2020-06-27 12:20:00	2.2755E+22	2.5810E+19	1.1000E+21		0.0000E+00	
2020-06-27 12:25:00	2.2755E+22	2.5800E+19	1.1000E+21		0.0000E+00	
2020-06-27 12:30:00	2.2755E+22	2.5800E+19	1.1000E+21		0.0000E+00	
2020-06-27 12:35:00	2.2755E+22	2.5900E+19	1.1000E+21		0.0000E+00	
2020-06-27 12:40:00	2.2755E+22	2.5880E+19	1.1000E+21		0.0000E+00	
2020-06-27 12:45:00	2.2755E+22	2.5940E+19	1.1000E+21		0.0000E+00	
2020-06-27 12:50:00	2.2755E+22	2.6320E+19	1.1000E+21		0.0000E+00	
2020-06-27 12:55:00	2.2755E+22	2.5830E+19	1.1000E+21		0.0000E+00	
2020-06-27 13:00:00	2.2755E+22	2.5950E+19	1.1000E+21		0.0000E+00	
2020-06-27 13:05:00	2.2755E+22	2.5610E+19	1.1000E+21		0.0000E+00	
2020-06-27 13:10:00	2.2755E+22	2.5630E+19	1.1000E+21		0.0000E+00	
2020-06-27 13:15:00	2.2755E+22	2.5690E+19	1.1000E+21		0.0000E+00	
2020-06-27 13:20:00	2.2755E+22	2.5530E+19	1.1000E+21		0.0000E+00	
2020-06-27 13:25:00	2.2755E+22	2.5460E+19	1.1000E+21		0.0000E+00	
2020-06-27 16:05:35	2.2755E+22	2.7240E+19	1.1000E+21		0.0000E+00	
2020-06-27 16:14:49	7.9873E+21	2.7370E+19	1.6395E+21		0.0000E+00	
2020-06-27 16:26:51	7.9873E+21	2.7510E+19	1.6395E+21		0.0000E+00	
2020-06-27 16:33:57	7.9873E+21	2.7500E+19	1.6395E+21		0.0000E+00	
2020-06-27 16:42:33	7.9873E+21	2.7640E+19	1.6395E+21		0.0000E+00	
2020-06-27 16:57:11	7.9873E+21	2.9100E+19	1.6395E+21		0.0000E+00	
2020-06-27 17:02:40	7.9873E+21	3.1490E+19	1.6395E+21		0.0000E+00	
2020-06-27 17:09:21	7.9873E+21	3.2590E+19	1.6395E+21		0.0000E+00	
2020-06-27 17:25:45	7.9873E+21	3.1860E+19	1.6395E+21		0.0000E+00	
2020-06-27 17:35:11	7.9873E+21	3.1590E+19	1.6395E+21		0.0000E+00	
2020-06-27 17:44:49	7.9873E+21	3.1670E+19	1.6395E+21		0.0000E+00	
2020-06-27 17:53:30	7.9873E+21	3.1300E+19	1.6395E+21		0.0000E+00	
2020-06-28 09:04:27	7.9873E+21	3.1260E+19	1.6395E+21		0.0000E+00	
2020-06-28 09:13:04	7.9873E+21	3.1220E+19	1.6395E+21		0.0000E+00	
2020-06-28 09:14:28	7.9873E+21	3.2370E+19	1.6395E+21		0.0000E+00	
2020-06-28 09:22:47	7.9873E+21	3.3300E+19	1.6395E+21		0.0000E+00	
2020-06-28 09:37:16	1.0717E+21	3.2690E+19	1.6395E+21	2.0900E+17	3.3089E+21	
2020-06-28 09:45:40	1.0717E+21	3.3480E+19	1.6395E+21		3.3089E+21	
2020-06-28 09:46:49	1.0717E+21	3.3480E+19	1.6395E+21		3.3089E+21	
2020-06-28 09:55:23	1.0717E+21	3.2550E+19	1.6395E+21		3.3089E+21	
2020-06-28 10:00:42	1.0717E+21	3.0720E+19	1.6395E+21		3.3089E+21	
2020-06-28 10:06:10	5.2060E+22	3.1100E+19	0.0000E+00		3.3089E+21	
2020-06-28 10:12:40	5.2060E+22	3.1780E+19	0.0000E+00		3.3089E+21	
2020-06-28 10:18:06	5.2060E+22	3.1240E+19	0.0000E+00		3.3089E+21	
2020-06-28 10:23:38	5.2060E+22	3.1370E+19	0.0000E+00		3.3089E+21	
2020-06-28 10:32:32	5.2060E+22	3.2860E+19	0.0000E+00		3.3089E+21	
2020-06-28 10:42:15	5.2060E+22	3.2820E+19	0.0000E+00		3.3089E+21	
2020-06-28 10:53:40	5.2060E+22	3.1900E+19	0.0000E+00		3.3089E+21	
2020-06-28 10:59:26	5.2060E+22	3.2390E+19	0.0000E+00		3.3089E+21	
2020-06-28 11:15:46	5.2060E+22	3.2340E+19	0.0000E+00		3.3089E+21	
2020-06-28 11:23:36	5.2060E+22	3.1220E+19	0.0000E+00		3.3089E+21	
2020-06-28 11:33:10	5.2060E+22	3.1720E+19	0.0000E+00		3.3089E+21	
2020-06-28 11:38:30	5.2060E+22	3.1980E+19	0.0000E+00		3.3089E+21	
2020-06-28 11:47:55	5.2060E+22	3.1290E+19	0.0000E+00		3.3089E+21	
2020-06-28 11:56:58	5.2060E+22	3.2130E+19	0.0000E+00		3.3089E+21	
2020-06-28 12:03:54	5.2060E+22	3.2240E+19	0.0000E+00		3.3089E+21	
2020-06-28 12:13:04	5.2060E+22	3.2630E+19	0.0000E+00		3.3089E+21	
2020-06-28 12:20:33	5.2060E+22	3.2470E+19	0.0000E+00		3.3089E+21	
2020-06-28 12:27:11	5.2060E+22	3.1930E+19	0.0000E+00		3.3089E+21	
2020-06-28 12:32:54	5.2060E+22	3.0660E+19	0.0000E+00		3.3089E+21	
2020-06-28 12:39:03	5.2060E+22	3.0340E+19	0.0000E+00		3.3089E+21	
2020-06-28 12:56:05	5.2060E+22	3.0450E+19	0.0000E+00		3.3089E+21	
2020-06-28 13:05:15	5.2060E+22	3.0630E+19	0.0000E+00		3.3089E+21	
2020-06-28 13:12:43	5.2808E+22	3.1000E+19	0.0000E+00	2.2587E+17	0.0000E+00	
2020-06-28 13:21:46	5.8976E+22	3.0630E+19	0.0000E+00		0.0000E+00	
2020-06-28 13:30:56	5.8976E+22	3.0640E+19	0.0000E+00		0.0000E+00	
2020-06-28 13:37:03	5.8976E+22	3.0510E+19	0.0000E+00		0.0000E+00	
2020-06-28 13:46:16	5.8976E+22	3.0690E+19	0.0000E+00		0.0000E+00	
2020-06-28 13:52:54	5.8976E+22	3.1350E+19	0.0000E+00		0.0000E+00	
2020-06-28 14:00:27	5.8976E+22	3.0920E+19	0.0000E+00		0.0000E+00	
2020-06-28 14:06:49	5.8976E+22	3.0550E+19	0.0000E+00		0.0000E+00	
2020-06-28 14:15:50	5.8976E+22	3.1080E+19	0.0000E+00		0.0000E+00	
2020-06-28 14:22:38	5.8976E+22	3.0810E+19	0.0000E+00		0.0000E+00	
2020-06-28 14:30:36	5.8976E+22	3.2390E+19	0.0000E+00		0.0000E+00	
2020-06-28 14:37:24	5.8976E+22	3.3240E+19	0.0000E+00		0.0000E+00	
2020-06-28 14:59:11	5.8976E+22	3.1720E+19	0.0000E+00		0.0000E+00	
2020-06-28 15:00:28	5.8976E+22	3.1980E+19	0.0000E+00		0.0000E+00	
2020-06-28 15:10:12	5.8976E+22	3.1290E+19	0.0000E+00		0.0000E+00	
2020-06-28 15:17:13	5.8976E+22	3.1650E+19	0.0000E+00		0.0000E+00	
2020-06-28 15:26:23	5.8976E+22	3.2130E+19	0.0000E+00		0.0000E+00	
2020-06-28 15:33:39	5.8976E+22	3.2240E+19	0.0000E+00		0.0000E+00	
2020-06-28 15:43:36	5.8976E+22	3.2470E+19	0.0000E+00		0.0000E+00	
2020-06-28 15:49:15	5.8976E+22	3.1930E+19	0.0000E+00		0.0000E+00	
2020-06-28 16:00:01	5.8976E+22	3.0660E+19	0.0000E+00		0.0000E+00	
2020-06-28 16:08:35	5.8976E+22	3.0450E+19	0.0000E+00		0.0000E+00	
2020-06-28 16:16:35	5.8976E+22	3.0630E+19	0.0000E+00		0.0000E+00	
2020-06-28 16:34:33	5.8976E+22	3.1000E+19	0.0000E+00		0.0000E+00	
2020-06-28 16:53:36	5.8976E+22	3.0630E+19	0.0000E+00		0.0000E+00	
2020-06-28 16:56:27	5.8976E+22	3.0640E+19	0.0000E+00		0.0000E+00	
2020-06-28 17:06:11	5.8976E+22	3.0510E+19	0.0000E+00		0.0000E+00	
2020-06-28 17:12:50	5.8976E+22	3.0690E+19	0.0000E+00		0.0000E+00	
2020-06-28 17:19:54	5.8976E+22	3.1350E+19	0.0000E+00		0.0000E+00	
2020-06-28 17:26:45	5.8976E+22	3.0920E+19	0.0000E+00		0.0000E+00	
2020-06-28 17:35:42	5.8976E+22	3.0770E+19	0.0000E+00		0.0000E+00	
2020-06-28 17:45:18	5.8976E+22	3.1080E+19	0.0000E+00		0.0000E+00	
2020-06-28 17:54:13	5.8976E+22	3.0810E+19	0.0000E+00		0.0000E+00	
2020-06-29 09:00:00	5.8976E+22	3.1350E+19	0.0000E+00		0.0000E+00	
2020-06-29 09:03:15	5.8976E+22	3.0920E+19	0.0000E+00		0.0000E+00	
2020-06-29 09:06:30	5.8976E+22	3.0550E+19	0.0000E+00		0.0000E+00	
2020-06-29 09:09:45	5.8976E+22	3.0770E+19	0.0000E+00		0.0000E+00	
2020-06-29 09:13:00	5.8976E+22	3.1080E+19	0.0000E+00		0.0000E+00	
2020-06-29 09:16:15	5.8976E+22	3.0810E+19	0.0000E+00		0.0000E+00	
2020-06-29 09:19:30	5.8976E+22	3.2390E+19	0.0000E+00		0.0000E+00	
2020-06-29 09:22:45	5.8976E+22	3.3240E+19	0.0000E+00		0.0000E+00	
2020-06-29 09:26:00	5.8976E+22	3.2340E+19	0.0000E+00		0.0000E+00	
2020-06-29 09:29:15	5.8976E+22	3.1220E+19	0.0000E+00		0.0000E+00	
2020-06-29 09:32:30	5.8976E+22	3.1720E+19	0.0000E+00		0.0000E+00	
2020-06-29 09:35:45	5.8976E+22	3.1980E+19	0.0000E+00		0.0000E+00	
2020-06-29 09:39:00	5.8976E+22	3.1290E+19	0.0000E+00		0.0000E+00	
2020-06-29 09:42:15	5.8976E+22	3.1650E+19	0.0000E+00		0.0000E+00	
2020-06-29 09:45:30	5.8976E+22	3.2130E+19	0.0000E+00		0.0000E+00	
2020-06-29 09:48:45	5.8976E+22	3.2240E+19	0.0000E+00		0.0000E+00	
2020-06-29 09:52:00	5.8976E+22	3.2630E+19	0.0000E+00		0.0000E+00	
2020-06-29 09:55:15	5.8976E+22	3.2470E+19	0.0000E+00		0.0000E+00	
2020-06-29 09:58:30	5.8976E+22	3.1930E+19	0.0000E+00		0.0000E+00	
2020-06-29 10:01:45	5.8976E+22	3.0660E+19	0.0000E+00		0.0000E+00	
2020-06-29 10:05:00	5.8976E+22	3.0340E+19	0.0000E+00		0.0000E+00	
2020-06-29 10:08:15	5.8976E+22	3.0450E+19	0.0000E+00		0.0000E+00	
2020-06-29 10:11:30	5.8976E+22	3.0630E+19	0.0000E+00		0.0000E+00	
2020-06-29 10:14:45	5.8976E+22	3.1000E+19	0.0000E+00		0.0000E+00	
2020-06-29 10:18:00	5.8976E+22	3.1000E+19	0.0000E+00		0.0000E+00	
2020-06-29 10:21:15	5.8976E+22	3.0630E+19	0.0000E+00		0.0000E+00	
2020-06-29 10:24:30	5.8976E+22	3.0640E+19	0.0000E+00		0.0000E+00	
2020-06-29 10:27:45	5.8976E+22	3.0510E+19	0.0000E+00		0.0000E+00	
2020-06-29 10:31:00	5.8976E+22	3.0690E+19	0.0000E+00		0.0000E+00	
2020-06-29 10:34:15	5.8976E+22	3.1350E+19	0.0000E+00		0.0000E+00	
2020-06-29 10:37:30	5.8976E+22	3.0920E+19	0.0000E+00		0.0000E+00	
2020-06-29 10:40:45	5.8976E+22	3.0550E+19	0.0000E+00		0.0000E+00	
2020-06-29 10:44:00	5.8976E+22	3.0770E+19	0.0000E+00		0.0000E+00	
2020-06-29 10:47:15	5.8976E+22	3.1080E+19	0.0000E+00		0.0000E+00	
2020-06-29 10:50:30	5.8976E+22	3.0810E+19	0.0000E+00		0.0000E+00	
2020-06-29 10:53:45	5.8976E+22	3.1090E+19	0.0000E+00		0.0000E+00	
2020-06-29 10:57:00	5.8976E+22	3.0640E+19	0.0000E+00		0.0000E+00	
2020-06-29 11:00:15	5.8976E+22	3.0510E+19	0.0000E+00		0.0000E+00	
2020-06-29 11:03:30	5.8976E+22	3.0690E+19	0.0000E+00		0.0000E+00	
2020-06-29 11:06:45	5.8976E+22	3.1350E+19	0.0000E+00		0.0000E+00	
2020-06-29 11:10:00	5.8976E+22	3.0920E+19	0.0000E+00		0.0000E+00	
2020-06-29 11:13:15	5.8976E+22	3.0550E+19	0.0000E+00		0.0000E+00	
2020-06-29 11:16:30	5.8976E+22	3.0770E+19	0.0000E+00		0.0000E+00	
2020-06-29 11:19:45	5.8976E+22	3.1080E+19	0.0000E+00		0.0000E+00	
2020-06-29 11:23:00	5.8976E+22	3.0810E+19	0.0000E+00		0.0000E+00	
2020-06-29 11:26:15	5.8976E+22	3.1090E+19	0.0000E+00		0.0000E+00	
2020-06-29 11:29:30	5.8976E+22	3.1360E+19	0.0000E+00		0.0000E+00	
2020-06-29 11:32:45	5.8976E+22	3.1270E+19	0.0000E+00		0.0000E+00	
2020-06-29 11:36:00	5.8976E+22	3.1800E+19	0.0000E+00		0.0000E+00	
2020-06-29 11:39:15	5.8976E+22	3.1210E+19	0.0000E+00		0.0000E+00	
2020-06-29 11:42:30	5.8976E+22	3.1470E+19	0.0000E+00		0.0000E+00	
2020-06-29 11:45:45	5.8976E+22	3.1400E+19	0.0000E+00		0.0000E+00	
2020-06-29 11:49:00	5.8976E+22	3.0980E+19	0.0000E+00		0.0000E+00	
2020-06-29 11:52:15	5.8976E+22	3.1200E+19	0.0000E+00		0.0000E+00	
2020-06-29 11:55:30	5.8976E+22	3.1460E+19	0.0000E+00		0.0000E+00	
2020-06-29 11:58:45	5.8976E+22	3.2250E+19	0.0000E+00		0.0000E+00	
2020-06-29 12:02:00	5.8976E+22	3.2630E+19	0.0000E+00		0.0000E+00	
2020-06-29 12:05:15	5.8976E+22	3.3420E+19	0.0000E+00		0.0000E+00	
2020-06-29 12:08:30	5.8976E+22	3.2420E+19	0.0000E+00		0.0000E+00	
2020-06-29 12:11:45	5.8976E+22	3.2980E+19	0.0000E+00		0.0000E+00	
2020-06-29 12:15:00	5.8976E+22	3.2940E+19	0.0000E+00		0.0000E+00	
2020-06-29 12:18:15	5.8976E+22	3.3230E+19	0.0000E+00		0.0000E+00	
2020-06-29 12:20:08	2.6789E+22	3.3230E+19	0.0000E+00	2.3080E+17	1.3946E+23	
2020-06-29 12:21:30	2.6789E+22	3.3140E+19	0.0000E+00		1.3946E+23	
2020-06-29 12:24:45	2.6789E+22	3.3140E+19	0.0000E+00		1.3946E+23	
2020-06-29 12:28:00	2.6789E+22	3.2340E+19	0.0000E+00		1.3946E+23	
2020-06-29 12:31:15	2.6789E+22	3.2670E+19	0.0000E+00		1.3946E+23	
2020-06-29 12:34:30	2.6789E+22	3.2080E+19	0.0000E+00		1.3946E+23	
2020-06-29 12:37:45	2.6789E+22	3.3070E+19	0.0000E+00		1.3946E+23	
2020-06-29 13:05:43	2.6789E+22	3.5100E+19	0.0000E+00		1.3946E+23	
2020-06-29 13:12:17	2.6789E+22	3.4890E+19	0.0000E+00		1.3946E+23	
2020-06-29 13:19:03	2.6789E+22	3.5200E+19	0.0000E+00		1.3946E+23	
2020-06-29 13:26:20	2.6789E+22	3.5950E+19	0.0000E+00		1.3946E+23	
2020-06-29 13:35:42	2.6789E+22	3.5090E+19	0.0000E+00		1.3946E+23	
2020-06-29 13:42:06	2.6789E+22	3.8100E+19	0.0000E+00		1.3946E+23	
2020-06-29 13:47:54	2.6789E+22	3.7010E+19	0.0000E+00		1.3946E+23	
2020-06-29 13:57:35	2.4955E+22	3.6680E+19	5.0000E+19		1.3946E+23	
2020-06-29 14:03:00	2.4955E+22	3.4620E+19	5.0000E+19		1.3946E+23	
2020-06-29 14:08:42	2.4955E+22	3.4070E+19	5.0000E+19		1.3946E+23	
2020-06-29 14:18:01	2.4955E+22	3.4570E+19	5.0000E+19		1.3946E+23	
2020-06-29 14:26:31	2.4955E+22	3.4200E+19	5.0000E+19		1.3946E+23	
2020-06-29 14:33:07	2.4955E+22	3.4570E+19	5.0000E+19		1.3946E+23	
2020-06-29 14:38:48	2.6735E+22	3.5610E+19	0.0000E+00		1.3946E+23	
2020-06-29 14:49:09	2.6735E+22	3.5180E+19	0.0000E+00		1.3946E+23	
2020-06-29 14:57:07	2.6735E+22	3.5380E+19	0.0000E+00		1.3946E+23	
2020-06-29 15:02:49	2.6735E+22	3.5110E+19	0.0000E+00		1.3946E+23	
2020-06-29 15:11:53	5.9083E+22	3.4480E+19	0.0000E+00	2.3195E+17	0.0000E+00	
2020-06-29 15:19:26	5.8922E+22	3.3030E+19	0.0000E+00			
2020-06-29 15:28:39	5.8922E+22	3.3120E+19	0.0000E+00			
2020-06-29 15:35:54	5.8922E+22	3.2830E+19	0.0000E+00			
2020-06-29 15:49:01	5.8922E+22	3.3300E+19	0.0000E+00			
2020-06-29 15:58:44	5.8922E+22	3.3600E+19	0.0000E+00			
2020-06-29 16:06:40	5.8922E+22	3.3890E+19	0.0000E+00			
2020-06-29 16:14:47	5.8922E+22	3.2920E+19	0.0000E+00			
2020-06-29 16:24:42	5.8922E+22	3.3330E+19	0.0000E+00			
2020-06-29 16:30:05	5.8922E+22	3.3490E+19	0.0000E+00			
2020-06-29 16:35:30	5.8922E+22	3.3470E+19	0.0000E+00			
2020-06-29 16:42:43	5.8922E+22	3.4320E+19	0.0000E+00			
2020-06-29 16:50:55	5.8922E+22	3.3970E+19	0.0000E+00			
2020-06-29 16:59:39	5.8922E+22	3.3750E+19	0.0000E+00			
2020-06-29 17:05:24	5.8922E+22	3.4050E+19	0.0000E+00			
2020-06-29 17:10:53	5.8922E+22	3.4070E+19	0.0000E+00			
2020-06-29 17:16:12	5.8922E+22	3.3770E+19	0.0000E+00			
2020-06-29 17:24:12	5.8922E+22	3.3640E+19	0.0000E+00			
2020-06-29 17:28:14	2.8062E+22	3.2180E+19	9.5900E+20			
2020-06-29 17:35:21	2.8062E+22	3.1670E+19	9.5900E+20			
2020-06-29 17:46:22	2.8062E+22	3.1750E+19	9.5900E+20			
2020-06-29 17:51:55	2.8062E+22	3.1710E+19	9.5900E+20			
2020-06-29 17:59:03	5.8903E+22	3.2160E+19	0.0000E+00			
2020-06-30 09:00:10	5.8903E+22	3.4769E+19	0.0000E+00			
2020-06-30 09:08:09	5.8903E+22	3.1950E+19	0.0000E+00			
2020-06-30 09:25:23	5.8903E+22	3.1730E+19	0.0000E+00			
2020-06-30 09:34:58	5.8903E+22	3.1940E+19	0.0000E+00			
2020-06-30 09:43:00	5.8903E+22	3.2120E+19	0.0000E+00			
2020-06-30 09:50:50	5.8903E+22	3.2050E+19	0.0000E+00			
2020-06-30 09:59:16	5.8903E+22	3.2630E+19	0.0000E+00			
2020-06-30 10:06:43	5.8903E+22	3.2210E+19	0.0000E+00			
2020-06-30 10:13:50	5.8903E+22	3.2150E+19	0.0000E+00			
2020-06-30 10:30:11	5.8903E+22	3.2060E+19	0.0000E+00			
2020-06-30 10:38:51	5.8903E+22	3.1810E+19	0.0000E+00			
2020-06-30 10:44:37	5.8903E+22	3.1830E+19	0.0000E+00			
2020-06-30 10:50:58	-1.4487E+22	3.1900E+19	2.3006E+21			
